Die#,Subs#,Net Name,Pad Name,Side,Layer,Length,Bond Angle,Die X,Die Y,Subs X,Subs Y,Color,Comments
1,1,VSS,VSS_L_0,Left,Outside,1.318758886,44.84639238,-2.465,1.93,-3.4,2.86,1,
2,2,V33,V33_L_0,Left,Outside,3.319980917,44.33942871,-2.465,1.805,-4.83949,4.12536,2,
3,3,VSS,VZZ_L_0,Left,Outside,1.34726575,46.05255994,-2.465,1.68,-3.4,2.65,3,
4,4,VDD,VDD_L_0,Left,Outside,2.439976287,46.4118452,-2.465,1.6,-4.14729,3.36731,4,
5,5,VSS,VSS_L_1,Left,Outside,1.292290171,43.65398956,-2.465,1.52,-3.4,2.41207,5,
6,6,V33,V33_L_1,Left,Outside,3.334522397,42.22326027,-2.465,1.44,-4.93432,3.68087,6,
7,7,sdi_A_sclk_ex_i,sdi_A_sclk_ex_i,Left,Inside,4.350187934,46.39935649,-2.369,1.4,-5.36901,4.55025,6,
8,8,VSS,VZZ_L_1,Left,Outside,1.312069678,44.55195403,-2.465,1.36,-3.4,2.28049,7,
9,9,sdi_A_tkn_ex_o,sdi_A_tkn_ex_o,Left,Inside,4.280919345,44.08962822,-2.369,1.32,-5.44378,4.29859,7,
10,10,VDD,VDD_L_1,Left,Outside,2.368408104,41.06781303,-2.465,1.28,-4.25062,2.83593,8,
11,11,sdi_A_data_7_i,sdi_A_data_7_i,Left,Inside,4.214803723,41.73377576,-2.369,1.24,-5.51428,4.04567,8,
12,12,VSS,VSS_L_2,Left,Outside,1.211249355,39.47245985,-2.465,1.2,-3.4,1.97,9,
13,13,sdi_A_data_6_i,sdi_A_data_6_i,Left,Inside,4.151952772,39.33197309,-2.369,1.16,-5.58048,3.79156,9,
14,14,VDD,VDD_L_2,Left,Outside,2.284436202,36.04596077,-2.465,1.12,-4.31207,2.46424,10,
15,15,sdi_A_data_5_i,sdi_A_data_5_i,Left,Inside,4.092492136,36.88468188,-2.369,1.08,-5.64236,3.53634,10,
16,16,VSS,VSS_L_3,Left,Outside,1.127441795,33.97196331,-2.465,1.04,-3.4,1.67,11,
17,17,sdi_A_data_4_i,sdi_A_data_4_i,Left,Inside,4.036551406,34.39228746,-2.369,1,-5.69992,3.28007,11,
18,18,VDD,VDD_L_3,Left,Outside,2.211128577,30.76915558,-2.465,0.96,-4.36488,2.09117,12,
19,19,sdi_A_data_3_i,sdi_A_data_3_i,Left,Inside,3.984233945,31.85593642,-2.369,0.92,-5.75312,3.02282,12,
20,20,VSS,VSS_L_4,Left,Outside,1.069871488,29.08061217,-2.465,0.88,-3.4,1.4,13,
21,21,misc_L_0_i,misc_L_0_i,Left,Inside,3.935692585,29.27698399,-2.369,0.84,-5.80197,2.76468,13,
22,22,V33,V33_L_2,Left,Outside,3.08402653,29.18037632,-2.465,0.8,-5.15763,2.30365,14,
23,23,sdi_A_token_o,sdi_A_token_o,Left,Inside,3.89103161,26.65691558,-2.369,0.76,-5.84645,2.5057,14,
24,24,VSS,VZZ_L_2,Left,Outside,1.069871488,29.08061217,-2.465,0.72,-3.4,1.24,15,
25,25,misc_L_1_i,misc_L_1_i,Left,Inside,3.850366005,23.99796483,-2.369,0.68,-5.88654,2.24596,15,
26,26,VDD,VDD_L_4,Left,Outside,2.149107751,23.91712066,-2.465,0.64,-4.42957,1.51128,16,
27,27,sdi_A_sclk_i,sdi_A_sclk_i,Left,Inside,3.813818019,21.30251405,-2.369,0.6,-5.92224,1.98553,16,
28,28,VSS,VSS_L_5,Left,Outside,1.013076996,22.64161733,-2.465,0.56,-3.4,0.95,17,
29,29,misc_L_2_i,misc_L_2_i,Left,Inside,3.781494292,18.57341938,-2.369,0.52,-5.95354,1.72448,17,
30,30,VDD,VDD_L_5,Left,Outside,2.102528847,18.43615527,-2.465,0.48,-4.45962,1.14492,18,
31,31,sdi_A_ncmd_i,sdi_A_ncmd_i,Left,Inside,3.753493058,15.81392883,-2.369,0.44,-5.98043,1.46288,18,
32,32,VSS,VSS_L_6,Left,Outside,0.9732034731,16.10713373,-2.465,0.4,-3.4,0.67,19,
33,33,sdi_A_data_2_i,sdi_A_data_2_i,Left,Inside,3.729912402,13.0276265,-2.369,0.36,-6.00291,1.2008,19,
34,34,VDD,VDD_L_6,Left,Outside,2.062939894,12.02131586,-2.465,0.32,-4.4827,0.74966,20,
35,35,sdi_A_data_1_i,sdi_A_data_1_i,Left,Inside,3.710806452,10.2182428,-2.369,0.28,-6.02095,0.93829,20,
36,36,VSS,VSS_L_7,Left,Outside,0.9485910605,9.710569266,-2.465,0.24,-3.4,0.4,21,
37,37,sdi_A_data_0_i,sdi_A_data_0_i,Left,Inside,3.696275981,7.390401491,-2.369,0.2,-6.03457,0.67545,21,
38,38,V33,V33_L_3,Left,Outside,2.845972736,6.240235142,-2.465,0.16,-5.29411,0.46935,22,
39,39,misc_L_3_i,misc_L_3_i,Left,Inside,3.68635844,4.548202628,-2.369,0.12,-6.04375,0.41232,22,
40,40,VSS,VZZ_L_3,Left,Outside,0.936335944,3.061029799,-2.465,0.08,-3.4,0.13,23,
41,41,clk_0_p_i,clk_0_p_i,Left,Inside,3.681103544,1.696503906,-2.369,0.04,-6.04849,0.14898,23,
42,42,VDD,VDD_L_7,Left,Outside,2.035,0,-2.465,0,-4.5,0,24,
43,43,clk_0_n_i,clk_0_n_i,Left,Inside,3.680534078,1.159839041,-2.369,-0.04,-6.04878,-0.1145,24,
44,44,VSS,VSS_L_8,Left,Outside,0.936335944,3.061029799,-2.465,-0.08,-3.4,-0.13,25,
45,45,misc_L_4_i,misc_L_4_i,Left,Inside,3.684657899,4.016075195,-2.369,-0.12,-6.04461,-0.37806,25,
46,46,VDD,VDD_L_8,Left,Outside,2.042351247,6.154495651,-2.465,-0.16,-4.49558,-0.37896,26,
47,47,sdi_B_data_0_i,sdi_B_data_0_i,Left,Inside,3.69348788,6.867281314,-2.369,-0.2,-6.03599,-0.64163,26,
48,48,VSS,VSS_L_9,Left,Outside,0.9503288904,10.30484647,-2.465,-0.24,-3.4,-0.41,27,
49,49,sdi_B_data_1_i,sdi_B_data_1_i,Left,Inside,3.706991399,9.70864497,-2.369,-0.28,-6.0229,-0.90514,27,
50,50,VDD,VDD_L_9,Left,Outside,2.061545622,11.78501079,-2.465,-0.32,-4.48309,-0.74105,28,
51,51,sdi_B_data_2_i,sdi_B_data_2_i,Left,Inside,3.725152626,12.53559761,-2.369,-0.36,-6.00535,-1.16853,28,
52,52,VSS,VSS_L_10,Left,Outside,0.9732034731,16.10713373,-2.465,-0.4,-3.4,-0.67,29,
53,53,sdi_B_data_3_i,sdi_B_data_3_i,Left,Inside,3.747905787,15.34341007,-2.369,-0.44,-5.98332,-1.43171,29,
54,54,VDD,VDD_L_10,Left,Outside,2.098751709,18.03014424,-2.465,-0.48,-4.46069,-1.1296,30,
55,55,sdi_B_ncmd_i,sdi_B_ncmd_i,Left,Inside,3.775209662,18.12812552,-2.369,-0.52,-5.95682,-1.69463,30,
56,56,VSS,VSS_L_11,Left,Outside,1.013076996,22.64161733,-2.465,-0.56,-3.4,-0.95,31,
57,57,misc_L_5_i,misc_L_5_i,Left,Inside,3.806974998,20.88578111,-2.369,-0.6,-5.92583,-1.95721,31,
58,58,V33,V33_L_4,Left,Outside,2.984614858,22.9839024,-2.465,-0.64,-5.21268,-1.80541,32,
59,59,sdi_B_token_o,sdi_B_token_o,Left,Inside,3.843145619,23.61285937,-2.369,-0.68,-5.89037,-2.21939,32,
60,60,VSS,VZZ_L_4,Left,Outside,1.013076996,22.64161733,-2.465,-0.72,-3.4,-1.11,33,
61,61,misc_L_6_i,misc_L_6_i,Left,Inside,3.883606775,26.30601874,-2.369,-0.76,-5.85042,-2.48108,33,
62,62,VDD,VDD_L_11,Left,Outside,2.137650165,24.32547821,-2.465,-0.8,-4.41287,-1.68054,34,
63,63,sdi_B_sclk_i,sdi_B_sclk_i,Left,Inside,3.92826099,28.9625062,-2.369,-0.84,-5.80598,-2.74221,34,
64,64,VSS,VSS_L_12,Left,Outside,1.055615934,27.65742307,-2.465,-0.88,-3.4,-1.37,35,
65,65,misc_L_7_i,misc_L_7_i,Left,Inside,3.977026644,31.57994289,-2.369,-0.92,-5.75707,-3.00272,35,
66,66,VDD,VDD_L_12,Left,Outside,2.201036619,30.15497236,-2.465,-0.96,-4.36817,-2.06567,36,
67,67,sdi_B_data_4_i,sdi_B_data_4_i,Left,Inside,4.029766837,34.15626164,-2.369,-1,-5.70367,-3.26252,36,
68,68,VSS,VSS_L_13,Left,Outside,1.127441795,33.97196331,-2.465,-1.04,-3.4,-1.67,37,
69,69,sdi_B_data_5_i,sdi_B_data_5_i,Left,Inside,4.086376179,36.68983747,-2.369,-1.08,-5.64579,-3.52154,37,
70,70,VDD,VDD_L_13,Left,Outside,2.284074357,36.0283693,-2.465,-1.12,-4.31219,-2.46346,38,
71,71,sdi_B_data_6_i,sdi_B_data_6_i,Left,Inside,4.146746315,39.17940645,-2.369,-1.16,-5.58344,-3.77971,38,
72,72,VSS,VSS_L_14,Left,Outside,1.224060864,40.19512844,-2.465,-1.2,-3.4,-1.99,39,
73,73,sdi_B_data_7_i,sdi_B_data_7_i,Left,Inside,4.210746374,41.62393431,-2.369,-1.24,-5.51662,-4.03694,39,
74,74,V33,V33_L_5,Left,Outside,3.307032718,40.376259,-2.465,-1.28,-4.98432,-3.42231,40,
75,75,sdi_B_tkn_ex_o,sdi_B_tkn_ex_o,Left,Inside,4.278257673,44.02276421,-2.369,-1.32,-5.44534,-4.29315,40,
76,76,VSS,VZZ_L_5,Left,Outside,1.311725962,44.53670191,-2.465,-1.36,-3.4,-2.28,41,
77,77,sdi_B_sclk_ex_i,sdi_B_sclk_ex_i,Left,Inside,4.349175477,46.37573476,-2.369,-1.4,-5.36961,-4.54828,41,
78,78,VDD,VDD_L_14,Left,Outside,2.362026473,42.16098705,-2.465,-1.44,-4.21588,-3.02543,42,
79,79,VSS,VSS_L_15,Left,Outside,1.325829929,45.15278838,-2.465,-1.52,-3.4,-2.46,43,
80,80,VDD,VDD_L_15,Left,Outside,2.446340715,46.62900931,-2.465,-1.6,-4.14495,-3.3783,44,
81,81,VSS,VSS_L_16,Left,Outside,1.391087704,47.76786982,-2.465,-1.68,-3.4,-2.71,45,
82,82,V33,V33_L_6,Left,Outside,3.338622183,44.85668531,-2.465,-1.805,-4.83166,-4.15985,46,
83,83,VSS,VZZ_L_6,Left,Outside,1.332938483,45.45592496,-2.465,-1.93,-3.4,-2.88,47,
84,84,VSS,VZZ_B_0,Bottom,Outside,1.376344797,47.20825477,-1.825,-2.465,-2.96,-3.4,48,These two in yellow seem to have been swapped
85,85,V33,V33_B_0,Bottom,Outside,3.640537669,50.84946492,-1.95,-2.465,-4.6482,-4.76349,49,These two in yellow seem to have been swapped
86,86,VDD,VDD_B_0,Bottom,Outside,2.47883837,48.55793216,-1.7,-2.465,-3.5582,-4.10565,50,
87,87,VSS,VSS_B_0,Bottom,Outside,1.443684522,49.63546343,-1.62,-2.465,-2.72,-3.4,51,
88,88,V33,V33_B_1,Bottom,Outside,3.511232237,47.45625326,-1.54,-2.465,-4.12694,-4.83913,52,
89,89,VSS,VZZ_B_1,Bottom,Outside,1.340083953,45.75583715,-1.46,-2.465,-2.42,-3.4,53,
90,90,sdo_C_tkn_ex_i,sdo_C_tkn_ex_i,Bottom,Inside,4.47420233,49.30321259,-1.42,-2.369,-4.81221,-5.28643,53,
91,91,VDD,VDD_B_1,Bottom,Outside,2.391910695,42.81361778,-1.38,-2.465,-3.00558,-4.21963,54,
92,92,sdo_C_sclk_ex_o,sdo_C_sclk_ex_o,Bottom,Inside,4.397775094,47.02218163,-1.34,-2.369,-4.55749,-5.36703,54,
93,93,VSS,VSS_B_1,Bottom,Outside,1.318758886,44.84639238,-1.3,-2.465,-2.23,-3.4,55,
94,94,sdo_C_data_8_o,sdo_C_data_8_o,Bottom,Inside,4.324458569,44.6927076,-1.26,-2.369,-4.30141,-5.44321,55,
95,95,V33,V33_B_2,Bottom,Outside,3.358327511,41.50717279,-1.22,-2.465,-3.44561,-4.97996,56,
96,96,sdo_C_data_7_o,sdo_C_data_7_o,Bottom,Inside,4.254391463,42.31441004,-1.18,-2.369,-4.04405,-5.51496,56,
97,97,VSS,VZZ_B_2,Bottom,Outside,1.217630896,39.83569505,-1.14,-2.465,-1.92,-3.4,57,
98,98,sdo_C_data_6_o,sdo_C_data_6_o,Bottom,Inside,4.187679598,39.88723999,-1.1,-2.369,-3.78547,-5.58224,57,
99,99,VDD,VDD_B_2,Bottom,Outside,2.306501655,36.6104078,-1.06,-2.465,-2.43553,-4.31645,58,
100,100,sdo_C_data_5_o,sdo_C_data_5_o,Bottom,Inside,4.124480183,37.41137391,-1.02,-2.369,-3.52576,-5.64505,58,
101,101,VSS,VSS_B_2,Bottom,Outside,1.133060016,34.39132724,-0.98,-2.465,-1.62,-3.4,59,
102,102,sdo_C_data_4_o,sdo_C_data_4_o,Bottom,Inside,4.064929064,34.88741409,-0.94,-2.369,-3.265,-5.70337,59,
103,103,V33,V33_B_3,Bottom,Outside,3.106514719,30.79573364,-0.9,-2.465,-2.49047,-5.13349,60,
104,104,sdo_C_data_3_o,sdo_C_data_3_o,Bottom,Inside,4.009163866,32.31612891,-0.86,-2.369,-3.00326,-5.75719,60,
105,105,VSS,VZZ_B_3,Bottom,Outside,1.06029477,28.13606059,-0.82,-2.465,-1.32,-3.4,61,
106,106,sdo_C_data_2_o,sdo_C_data_2_o,Bottom,Inside,3.957309633,29.69894389,-0.78,-2.369,-2.74062,-5.80648,61,
107,107,VDD,VDD_B_3,Bottom,Outside,2.152404833,24.97487282,-0.74,-2.465,-1.64879,-4.41614,62,
108,108,sdo_C_data_1_o,sdo_C_data_1_o,Bottom,Inside,3.909522059,27.03741149,-0.7,-2.369,-2.47716,-5.85125,62,
109,109,VSS,VSS_B_3,Bottom,Outside,1.020943191,23.67757944,-0.66,-2.465,-1.07,-3.4,63,
110,110,sdo_C_data_0_o,sdo_C_data_0_o,Bottom,Inside,3.863189233,24.194305,-0.62,-2.369,-2.20326,-5.89285,63,
111,111,V33,V33_B_4,Bottom,Outside,2.938413174,19.50760262,-0.58,-2.465,-1.56123,-5.23474,64,
112,112,sdo_C_ncmd_o,sdo_C_ncmd_o,Bottom,Inside,3.824089924,21.44230264,-0.54,-2.369,-1.93795,-5.92841,64,
113,113,VSS,VZZ_B_4,Bottom,Outside,0.9760251021,16.67113051,-0.5,-2.465,-0.78,-3.4,65,
114,114,sdo_C_token_i,sdo_C_token_i,Bottom,Inside,3.789486384,18.65469603,-0.46,-2.369,-1.67212,-5.9594,65,
115,115,VDD,VDD_B_4,Bottom,Outside,2.105943361,18.34813932,-0.42,-2.465,-1.08293,-4.46388,66,
116,116,JTAG_TMS_i,JTAG_TMS_i,Bottom,Inside,3.759463982,15.83488358,-0.38,-2.369,-1.40583,-5.9858,66,
117,117,VSS,VSS_B_4,Bottom,Outside,0.9760251021,16.67113051,-0.34,-2.465,-0.62,-3.4,67,
118,118,sdo_C_sclk_i,sdo_C_sclk_i,Bottom,Inside,3.734132431,12.98681934,-0.3,-2.369,-1.13916,-6.00762,67,
119,119,VDD,VDD_B_5,Bottom,Outside,2.074978905,13.45700449,-0.26,-2.465,-0.74288,-4.48301,68,
120,120,JTAG_TDI_i,JTAG_TDI_i,Bottom,Inside,3.713578347,10.11491849,-0.22,-2.369,-0.87219,-6.02486,68,
121,121,VSS,VSS_B_5,Bottom,Outside,0.9469556484,9.114175055,-0.18,-2.465,-0.33,-3.4,69,
122,122,PLL_VDD_i,PLL_VDD_i,Bottom,Inside,2.156049225,9.965353385,-0.12,-2.369,-0.49311,-4.49252,69,
123,123,V33,V33_B_5,Bottom,Outside,,,,,-0.51145,-5.29301,70,No bond pad - leave disconnected
124,124,PLL_VSS_i,PLL_VSS_i,Bottom,Inside,2.139293481,5.595466554,-0.04,-2.369,-0.24859,-4.4981,70,
125,125,VSS,VZZ_B_5,Bottom,Outside,,,,,-0.09,-3.4,71,No bond pad - leave disconnected
126,126,PLL_CLK_i,PLL_CLK_i,Bottom,Inside,3.687265554,3.869466933,0.04,-2.369,-0.20883,-6.04786,71,
127,127,VDD,VDD_B_6,Bottom,Outside,,,,,1.01E-02,-4.5,72,No bond pad - leave disconnected
128,128,PLL_V33_i,PLL_V33_i,Bottom,Inside,2.133099282,3.526571954,0.12,-2.369,0.25121,-4.49806,72,
129,129,VSS,VSS_B_6,Bottom,Outside,,,,,0.23201,-3.4,73,No bond pad - leave disconnected
130,130,PLL_VZZ_i,PLL_VZZ_i,Bottom,Inside,2.142570206,7.583581101,0.2,-2.369,0.48276,-4.49283,73,
131,131,VDD,VDD_B_7,Bottom,Outside,2.071456309,12.9365263,0.26,-2.465,0.72374,-4.48388,74,
132,132,JTAG_TCK_i,JTAG_TCK_i,Bottom,Inside,3.737355374,13.30035253,0.3,-2.369,1.1598,-6.00611,74,
133,133,VSS,VSS_B_7,Bottom,Outside,0.9789407541,17.23182176,0.34,-2.465,0.63,-3.4,75,
134,134,sdo_D_sclk_i,sdo_D_sclk_i,Bottom,Inside,3.763353276,16.14448502,0.38,-2.369,1.42644,-5.98394,75,
135,135,V33,V33_B_6,Bottom,Outside,2.933172563,18.13622265,0.42,-2.465,1.33303,-5.25245,76,
136,136,JTAG_TRST_i,JTAG_TRST_i,Bottom,Inside,3.794019637,18.95988421,0.46,-2.369,1.6927,-5.95718,76,
137,137,VSS,VZZ_B_6,Bottom,Outside,1.009269538,22.11766633,0.5,-2.465,0.88,-3.4,77,
138,138,sdo_D_token_i,sdo_D_token_i,Bottom,Inside,3.829262727,21.74256111,0.54,-2.369,1.9585,-5.92584,77,
139,139,VDD,VDD_B_8,Bottom,Outside,2.106182705,19.61581676,0.58,-2.465,1.28707,-4.44895,78,
140,140,sdo_D_ncmd_o,sdo_D_ncmd_o,Bottom,Inside,3.868978444,24.48894668,0.62,-2.369,2.22376,-5.88993,78,
141,141,VSS,VSS_B_8,Bottom,Outside,1.016968534,23.16160164,0.66,-2.465,1.06,-3.4,79,
142,142,sdo_D_data_0_o,sdo_D_data_0_o,Bottom,Inside,3.913043405,27.19631192,0.7,-2.369,2.48842,-5.84944,79,
143,143,V33,V33_B_7,Bottom,Outside,3.01952283,25.60983094,0.74,-2.465,2.04516,-5.18788,80,
144,144,sdo_D_data_1_o,sdo_D_data_1_o,Bottom,Inside,3.961332864,29.86186871,0.78,-2.369,2.75239,-5.80438,80,
145,145,VSS,VZZ_B_7,Bottom,Outside,1.065046947,28.61045967,0.82,-2.465,1.33,-3.4,81,
146,146,sdo_D_data_2_o,sdo_D_data_2_o,Bottom,Inside,4.013732658,32.48346542,0.86,-2.369,3.0156,-5.75477,81,
147,147,VDD,VDD_B_9,Bottom,Outside,2.230004873,31.38482955,0.9,-2.465,2.06135,-4.36873,82,
148,148,sdo_D_data_3_o,sdo_D_data_3_o,Bottom,Inside,4.070093645,35.05948559,0.94,-2.369,3.27797,-5.7006,82,
149,149,VSS,VSS_B_9,Bottom,Outside,1.133060016,34.39132724,0.98,-2.465,1.62,-3.4,83,
150,150,sdo_D_data_4_o,sdo_D_data_4_o,Bottom,Inside,4.130282763,37.58840908,1.02,-2.369,3.53941,-5.64189,83,
151,151,V33,V33_B_8,Bottom,Outside,3.222043343,36.24547283,1.06,-2.465,2.96502,-5.06355,84,
152,152,sdo_D_data_5_o,sdo_D_data_5_o,Bottom,Inside,4.194166538,40.06961458,1.1,-2.369,3.79986,-5.57864,84,
153,153,VSS,VZZ_B_8,Bottom,Outside,1.224060864,40.19512844,1.14,-2.465,1.93,-3.4,85,
154,154,sdo_D_data_6_o,sdo_D_data_6_o,Bottom,Inside,4.261616516,42.50225419,1.18,-2.369,4.05923,-5.51088,85,
155,155,VDD,VDD_B_10,Bottom,Outside,2.411719643,42.2750314,1.22,-2.465,2.84234,-4.24949,86,
156,156,sdo_D_data_7_o,sdo_D_data_7_o,Bottom,Inside,4.33248715,44.88619503,1.26,-2.369,4.31744,-5.43861,86,
157,157,VSS,VSS_B_10,Bottom,Outside,1.332938483,45.45592496,1.3,-2.465,2.25,-3.4,87,
158,158,sdo_D_sclk_ex_o,sdo_D_sclk_ex_o,Bottom,Inside,4.406649427,47.2214317,1.34,-2.369,4.57441,-5.36185,87,
159,159,V33,V33_B_9,Bottom,Outside,3.543700244,47.2281183,1.38,-2.465,3.9813,-4.87146,88,
160,160,sdo_D_tkn_ex_i,sdo_D_tkn_ex_i,Bottom,Inside,4.483983545,49.50830675,1.42,-2.369,4.83007,-5.28062,88,
161,161,VSS,VZZ_B_9,Bottom,Outside,1.405960526,48.31569655,1.46,-2.465,2.51,-3.4,89,
162,162,VDD,VDD_B_11,Bottom,Outside,2.49101432,47.59990354,1.54,-2.465,3.3795,-4.1447,90,
163,163,VSS,VSS_B_11,Bottom,Outside,1.482135284,50.88738943,1.62,-2.465,2.77,-3.4,91,
164,164,V33,V33_B_10,Bottom,Outside,3.556598852,49.51813637,1.7,-2.465,4.40519,-4.77397,92,
165,165,VSS,VZZ_B_10,Bottom,Outside,1.470527116,50.51869412,1.825,-2.465,2.96,-3.4,93,
166,166,VDD,VDD_B_12,Bottom,Outside,2.418418869,48.85058097,1.95,-2.465,3.77106,-4.05638,94,
167,167,VSS,VZZ_R_6,Right,Outside,1.369023375,46.92394098,2.465,-1.93,3.4,-2.93,95,
168,168,V33,V33_R_6,Right,Outside,3.409538193,46.7289454,2.465,-1.805,4.80207,-4.28755,96,
169,169,VSS,VSS_R_16,Right,Outside,1.428504463,49.11592666,2.465,-1.68,3.4,-2.76,97,
170,170,VDD,VDD_R_15,Right,Outside,2.520357057,49.01394501,2.465,-1.6,4.11804,-3.50254,98,
171,171,VSS,VSS_R_15,Right,Outside,1.376344797,47.20825477,2.465,-1.52,3.4,-2.53,99,
172,172,VDD,VDD_R_14,Right,Outside,2.42603787,44.57214834,2.465,-1.44,4.19323,-3.14261,100,
173,173,sdi_D_sclk_ex_i,sdi_D_sclk_ex_i,Right,Inside,4.454218077,48.72467453,2.369,-1.4,5.30735,-4.74756,100,
174,174,VSS,VZZ_R_5,Right,Outside,1.354483296,46.34612828,2.465,-1.36,3.4,-2.34,101,
175,175,sdi_D_tkn_ex_o,sdi_D_tkn_ex_o,Right,Inside,4.373679991,46.31845373,2.369,-1.32,5.38968,-4.483,101,
176,176,V33,V33_R_5,Right,Outside,3.408227049,43.25278813,2.465,-1.28,4.94734,-3.61538,102,
177,177,sdi_D_data_7_i,sdi_D_data_7_i,Right,Inside,4.296780761,43.8586415,2.369,-1.24,5.4672,-4.21716,102,
178,178,VSS,VSS_R_14,Right,Outside,1.250249975,41.5954817,2.465,-1.2,3.4,-2.03,103,
179,179,sdi_D_data_6_i,sdi_D_data_6_i,Right,Inside,4.223669499,41.34481579,2.369,-1.16,5.53991,-3.95011,103,
180,180,VDD,VDD_R_13,Right,Outside,2.325785556,37.96853916,2.465,-1.12,4.29853,-2.55089,104,
181,181,sdi_D_data_5_i,sdi_D_data_5_i,Right,Inside,4.154518177,38.77740708,2.369,-1.08,5.6078,-3.68196,104,
182,182,VSS,VSS_R_13,Right,Outside,1.156124993,36.02737339,2.465,-1.04,3.4,-1.72,105,
183,183,sdi_D_data_4_i,sdi_D_data_4_i,Right,Inside,4.08946243,36.15713255,2.369,-1,5.67084,-3.41279,105,
184,184,VDD,VDD_R_12,Right,Outside,2.233435836,32.06534337,2.465,-0.96,4.35771,-2.1457,106,
185,185,misc_R_7_i,misc_R_7_i,Right,Inside,4.028674675,33.48491516,2.369,-0.92,5.72904,-3.14269,106,
186,186,VSS,VSS_R_12,Right,Outside,1.079733763,30.00815701,2.465,-0.88,3.4,-1.42,107,
187,187,sdi_D_sclk_i,sdi_D_sclk_i,Right,Inside,3.972295363,30.76230049,2.369,-0.84,5.78238,-2.87174,107,
188,188,VDD,VDD_R_11,Right,Outside,2.16334946,26.28824782,2.465,-0.8,4.40461,-1.75812,108,
189,189,misc_R_6_i,misc_R_6_i,Right,Inside,3.920486895,27.99111018,2.369,-0.76,5.83087,-2.60002,108,
190,190,VSS,VZZ_R_4,Right,Outside,1.025,24.18951415,2.465,-0.72,3.4,-1.14,109,
191,191,sdi_D_token_o,sdi_D_token_o,Right,Inside,3.873402615,25.17426082,2.369,-0.68,5.8745,-2.32764,109,
192,192,V33,V33_R_4,Right,Outside,3.00985796,24.4634429,2.465,-0.64,5.20465,-1.88642,110,
193,193,misc_R_5_i,misc_R_5_i,Right,Inside,3.831172869,22.31451377,2.369,-0.6,5.91327,-2.05466,110,
194,194,VSS,VSS_R_11,Right,Outside,1.025,24.18951415,2.465,-0.56,3.4,-0.98,111,
195,195,sdi_D_ncmd_i,sdi_D_ncmd_i,Right,Inside,3.793922814,19.4156324,2.369,-0.52,5.94717,-1.78117,111,
196,196,VDD,VDD_R_10,Right,Outside,2.110551495,19.26469205,2.465,-0.48,4.45737,-1.17634,112,
197,197,sdi_D_data_3_i,sdi_D_data_3_i,Right,Inside,3.761789294,16.4816395,2.369,-0.44,5.97622,-1.50725,112,
198,198,VSS,VSS_R_10,Right,Outside,0.9789407541,17.23182176,2.465,-0.4,3.4,-0.69,113,
199,199,sdi_D_data_2_i,sdi_D_data_2_i,Right,Inside,3.73485977,13.51742291,2.369,-0.36,6.0004,-1.23299,113,
200,200,VDD,VDD_R_9,Right,Outside,2.067754597,12.8011956,2.465,-0.32,4.48136,-0.77815,114,
201,201,sdi_D_data_1_i,sdi_D_data_1_i,Right,Inside,3.713246147,10.52769349,2.369,-0.28,6.01974,-0.95845,114,
202,202,VSS,VSS_R_9,Right,Outside,0.9469556484,9.114175055,2.465,-0.24,3.4,-0.39,115,
203,203,sdi_D_data_0_i,sdi_D_data_0_i,Right,Inside,3.696993245,7.518376184,2.369,-0.2,6.03421,-0.68373,115,
204,204,VDD,VDD_R_8,Right,Outside,2.043249583,6.446593232,2.465,-0.16,4.49533,-0.38941,116,
205,205,misc_R_4_i,misc_R_4_i,Right,Inside,3.686177757,4.494945674,2.369,-0.12,6.04384,-0.40889,116,
206,206,VSS,VSS_R_8,Right,Outside,0.9369231559,3.671700098,2.465,-0.08,3.4,-0.14,117,
207,207,clk_2_i,clk_2_i,Right,Inside,3.680820982,1.463677581,2.369,-0.04,6.04862,-0.13402,117,
208,208,VDD,VDD_R_7,Right,Outside,2.035,0,2.465,0,4.5,0,118,
209,209,clk_1_i,clk_1_i,Right,Inside,3.680940702,1.569356936,2.369,0.04,6.04856,0.14081,118,
210,210,VSS,VZZ_R_3,Right,Outside,0.936335944,3.061029799,2.465,0.08,3.4,0.13,119,
211,211,misc_R_3_i,misc_R_3_i,Right,Inside,3.68653383,4.59787873,2.369,0.12,6.04367,0.41552,119,
212,212,V33,V33_R_3,Right,Outside,2.847007397,6.481560343,2.465,0.16,5.29381,0.48138,120,
213,213,sdi_C_data_0_i,sdi_C_data_0_i,Right,Inside,3.69755522,7.615706577,2.369,0.2,6.03394,0.69003,120,
214,214,VSS,VSS_R_7,Right,Outside,0.9521685775,10.89689076,2.465,0.24,3.4,0.42,121,
215,215,sdi_C_data_1_i,sdi_C_data_1_i,Right,Inside,3.713961936,10.61713444,2.369,0.28,6.01938,0.96428,121,
216,216,VDD,VDD_R_6,Right,Outside,2.071042501,13.30418507,2.465,0.32,4.48046,0.79659,122,
217,217,sdi_C_data_2_i,sdi_C_data_2_i,Right,Inside,3.735687502,13.59625305,2.369,0.36,6,1.23818,122,
218,218,VSS,VSS_R_6,Right,Outside,0.9789407541,17.23182176,2.465,0.4,3.4,0.69,123,
219,219,sdi_C_ncmd_i,sdi_C_ncmd_i,Right,Inside,3.762627782,16.54774558,2.369,0.44,5.97579,1.51165,123,
220,220,VDD,VDD_R_5,Right,Outside,2.102702896,18.45468124,2.465,0.48,4.45957,1.14562,124,
221,221,misc_R_2_i,misc_R_2_i,Right,Inside,3.794703345,19.4667187,2.369,0.52,5.94678,1.78462,124,
222,222,VSS,VSS_R_5,Right,Outside,0.9819495914,17.78913003,2.465,0.56,3.4,0.86,125,
223,223,sdi_C_sclk_i,sdi_C_sclk_i,Right,Inside,3.831779041,22.34878139,2.369,0.6,5.91296,2.05701,125,
224,224,VDD,VDD_R_4,Right,Outside,2.114161177,20.897632,2.465,0.64,4.44009,1.39412,126,
225,225,misc_R_1_i,misc_R_1_i,Right,Inside,3.873716819,25.19005504,2.369,0.68,5.87433,2.32874,126,
226,226,VSS,VZZ_R_2,Right,Outside,1.016968534,23.16160164,2.465,0.72,3.4,1.12,127,
227,227,sdi_C_token_o,sdi_C_token_o,Right,Inside,3.920394949,27.98702472,2.369,0.76,5.83092,2.59973,127,
228,228,V33,V33_R_2,Right,Outside,3.016822757,25.84631046,2.465,0.8,5.18004,2.11521,128,
229,229,misc_R_0_i,misc_R_0_i,Right,Inside,3.971650277,30.73678466,2.369,0.84,5.78273,2.86989,128,
230,230,VSS,VSS_R_4,Right,Outside,1.074767417,29.5465124,2.465,0.88,3.4,1.41,129,
231,231,sdi_C_data_3_i,sdi_C_data_3_i,Right,Inside,4.027323491,33.43725966,2.369,0.92,5.72976,3.13915,129,
232,232,VDD,VDD_R_3,Right,Outside,2.222863025,31.4606259,2.465,0.96,4.3611,2.12014,130,
233,233,sdi_C_data_4_i,sdi_C_data_4_i,Right,Inside,4.087272005,36.08654192,2.369,1,5.67204,3.40743,130,
234,234,VSS,VSS_R_3,Right,Outside,1.150271707,35.62453338,2.465,1.04,3.4,1.71,131,
235,235,sdi_C_data_5_i,sdi_C_data_5_i,Right,Inside,4.151319146,38.68334613,2.369,1.08,5.60957,3.67464,131,
236,236,VDD,VDD_R_2,Right,Outside,2.323280332,37.85636053,2.465,1.12,4.29935,2.54576,132,
237,237,sdi_C_data_6_i,sdi_C_data_6_i,Right,Inside,4.216108163,41.1397744,2.369,1.16,5.54418,3.93377,132,
238,238,VSS,VSS_R_2,Right,Outside,1.243633789,41.25093548,2.465,1.2,3.4,2.02,133,
239,239,sdi_C_data_7_i,sdi_C_data_7_i,Right,Inside,4.287487257,43.62630185,2.369,1.24,5.47252,4.19816,133,
240,240,VDD,VDD_R_1,Right,Outside,2.412965458,42.79422696,2.465,1.28,4.23563,2.91929,134,
241,241,sdi_C_tkn_ex_o,sdi_C_tkn_ex_o,Right,Inside,4.366482048,46.15199857,2.369,1.32,5.39387,4.46902,134,
242,242,VSS,VZZ_R_1,Right,Outside,1.325829929,45.15278838,2.465,1.36,3.4,2.3,135,
243,243,sdi_C_sclk_ex_i,sdi_C_sclk_ex_i,Right,Inside,4.445350539,48.53403752,2.369,1.4,5.3126,4.73112,135,
244,244,V33,V33_R_1,Right,Outside,3.376600873,43.40302936,2.465,1.44,4.91823,3.76015,136,
245,245,VSS,VSS_R_1,Right,Outside,1.383699751,47.48955292,2.465,1.52,3.4,2.54,137,
246,246,VDD,VDD_R_0,Right,Outside,2.505618171,48.55776574,2.465,1.6,4.12338,3.47827,138,
247,247,VSS,VZZ_R_0,Right,Outside,1.428504463,49.11592666,2.465,1.68,3.4,2.76,139,
248,248,V33,V33_R_0,Right,Outside,3.400987032,46.51079831,2.465,1.805,4.80562,4.27243,140,
249,249,VSS,VSS_R_0,Right,Outside,1.369023375,46.92394098,2.465,1.93,3.4,2.93,141,
250,250,VDD,VDD_T_12,Top,Outside,2.356137193,46.67935106,1.95,2.465,3.66415,4.0815,142,
251,251,VSS,VZZ_T_10,Top,Outside,1.394793892,47.905921,1.825,2.465,2.86,3.4,143,
252,252,V33,V33_T_10,Top,Outside,3.461935746,47.31520364,1.7,2.465,4.24485,4.81207,144,
253,253,VSS,VSS_T_11,Top,Outside,1.420959183,48.85200649,1.62,2.465,2.69,3.4,145,
254,254,VDD,VDD_T_11,Top,Outside,2.443266493,46.01354443,1.54,2.465,3.29794,4.16182,146,
255,255,VSS,VZZ_T_9,Top,Outside,1.297776945,43.90729746,1.46,2.465,2.36,3.4,147,
256,256,sdo_B_tkn_ex_i,sdo_B_tkn_ex_i,Top,Inside,4.393047759,47.53872977,1.42,2.369,4.6609,5.33471,147,
257,257,V33,V33_T_9,Top,Outside,3.415807906,44.07327484,1.38,2.465,3.75596,4.91909,148,
258,258,sdo_B_sclk_ex_o,sdo_B_sclk_ex_o,Top,Inside,4.31744559,45.14704499,1.34,2.369,4.40072,5.41405,148,
259,259,VSS,VSS_T_10,Top,Outside,1.277155041,42.93760827,1.3,2.465,2.17,3.4,149,
260,260,sdo_B_data_7_o,sdo_B_data_7_o,Top,Inside,4.24542187,42.70562156,1.26,2.369,4.13938,5.48874,149,
261,261,VDD,VDD_T_10,Top,Outside,2.353232586,39.95682763,1.22,2.465,2.73127,4.26882,150,
262,262,sdo_B_data_6_o,sdo_B_data_6_o,Top,Inside,4.17710854,40.21442544,1.18,2.369,3.87695,5.55878,150,
263,263,VSS,VZZ_T_8,Top,Outside,1.186222998,37.9808907,1.14,2.465,1.87,3.4,151,
264,264,sdo_B_data_5_o,sdo_B_data_5_o,Top,Inside,4.112637148,37.6741419,1.1,2.369,3.61352,5.62415,151,
265,265,V33,V33_T_8,Top,Outside,3.152852265,33.70715379,1.06,2.465,2.80967,5.08781,152,
266,266,sdo_B_data_4_o,sdo_B_data_4_o,Top,Inside,4.052141104,35.08544227,1.02,2.369,3.34916,5.68485,152,
267,267,VSS,VSS_T_9,Top,Outside,1.095045661,31.36755722,0.98,2.465,1.55,3.4,153,
268,268,sdo_B_data_3_o,sdo_B_data_3_o,Top,Inside,3.995778964,32.44968104,0.94,2.369,3.08397,5.74089,153,
269,269,VDD,VDD_T_9,Top,Outside,2.179029636,28.22649363,0.9,2.465,1.93059,4.38491,154,
270,270,sdo_B_data_2_o,sdo_B_data_2_o,Top,Inside,3.943649992,29.76850621,0.86,2.369,2.81801,5.79224,154,
271,271,VSS,VZZ_T_7,Top,Outside,1.046482202,26.68747787,0.82,2.465,1.29,3.4,155,
272,272,sdo_B_data_1_o,sdo_B_data_1_o,Top,Inside,3.895903299,27.044193,0.78,2.369,2.55138,5.83891,155,
273,273,V33,V33_T_7,Top,Outside,2.961844673,22.19256794,0.74,2.465,1.85875,5.20743,156,
274,274,sdo_B_data_0_o,sdo_B_data_0_o,Top,Inside,3.85265378,24.27907707,0.7,2.369,2.28414,5.8809,156,
275,275,VSS,VSS_T_8,Top,Outside,0.9948994924,19.98310652,0.66,2.465,1,3.4,157,
276,276,sdo_B_ncmd_o,sdo_B_ncmd_o,Top,Inside,3.81403195,21.47630972,0.62,2.369,2.01638,5.91822,157,
277,277,VDD,VDD_T_8,Top,Outside,2.124385516,21.35571641,0.58,2.465,1.35361,4.44352,158,
278,278,sdo_B_token_i,sdo_B_token_i,Top,Inside,3.786559733,18.92235018,0.52,2.369,1.74793,5.95093,158,
279,279,VSS,VZZ_T_6,Top,Outside,0.9983611571,20.52246036,0.48,2.465,0.83,3.4,159,
280,280,JTAG_TDO_o,JTAG_TDO_o,Top,Inside,3.756532104,16.06188162,0.44,2.369,1.47934,5.97889,159,
281,281,V33,V33_T_6,Top,Outside,2.902558371,15.4009801,0.4,2.465,1.17084,5.26333,160,
282,282,sdo_B_sclk_i,sdo_B_sclk_i,Top,Inside,3.731369291,13.17458614,0.36,2.369,1.21045,6.00216,160,
283,283,VSS,VSS_T_7,Top,Outside,0.9605337058,13.24051992,0.32,2.465,0.54,3.4,161,
284,284,SMA_in_n_i,SMA_in_n_i,Top,Inside,3.711169829,10.26492515,0.28,2.369,0.94133,6.02077,161,
285,285,VDD,VDD_T_7,Top,Outside,2.053136034,9.562106809,0.24,2.465,0.58106,4.48961,162,
286,286,SMA_in_p_i,SMA_in_p_i,Top,Inside,3.69598895,7.337832919,0.2,2.369,0.67205,6.03472,162,
287,287,VSS,VSS_T_6,Top,Outside,0.9414483523,6.709836808,0.16,2.465,0.27,3.4,163,
288,288,misc_T_2_i,misc_T_2_i,Top,Inside,3.685857334,4.398824578,0.12,2.369,0.4027,6.044,163,
289,289,VDD,VDD_T_6,Top,Outside,2.037332594,3.393610269,0.08,2.465,0.2006,4.49876,164,
290,290,reset_i,reset_i,Top,Inside,3.680813673,1.453092136,0.04,2.369,0.13334,6.04863,164,
291,291,VSS,VZZ_T_5,Top,Outside,0.935,0,0,2.465,0,3.4,165,
292,292,SMA_out_n_o,SMA_out_n_o,Top,Inside,3.680861311,1.494025086,-0.04,2.369,-0.13597,6.04861,165,
293,293,V33,V33_T_5,Top,Outside,2.837972722,3.231546334,-0.08,2.465,-0.23998,5.29846,166,
294,294,SMA_out_p_o,SMA_out_p_o,Top,Inside,3.685985462,4.436712294,-0.12,2.369,-0.40514,6.04394,166,
295,295,VSS,VSS_T_5,Top,Outside,0.9414483523,6.709836808,-0.16,2.465,-0.27,3.4,167,
296,296,misc_T_1_i,misc_T_1_i,Top,Inside,3.696163361,7.36968251,-0.2,2.369,-0.67411,6.03463,167,
297,297,VDD,VDD_T_5,Top,Outside,2.051192627,9.139814362,-0.24,2.465,-0.56582,4.49015,168,
298,298,sdo_A_sclk_i,sdo_A_sclk_i,Top,Inside,3.711343512,10.28750339,-0.28,2.369,-0.9428,6.02068,168,
299,299,VSS,VSS_T_4,Top,Outside,0.9605337058,13.24051992,-0.32,2.465,-0.54,3.4,169,
300,300,misc_T_0_i,misc_T_0_i,Top,Inside,3.731482496,13.18537602,-0.36,2.369,-1.21116,6.00211,169,
301,301,VDD,VDD_T_4,Top,Outside,2.083313635,15.59587886,-0.4,2.465,-0.9601,4.47161,170,
302,302,sdo_A_token_i,sdo_A_token_i,Top,Inside,3.756482162,16.05813294,-0.44,2.369,-1.47909,5.97891,170,
303,303,VSS,VZZ_T_4,Top,Outside,0.9915266008,19.44003483,-0.5,2.465,-0.83,3.4,171,
304,304,sdo_A_ncmd_o,sdo_A_ncmd_o,Top,Inside,3.779829839,18.618683,-0.54,2.369,-1.74678,5.95101,171,
305,305,V33,V33_T_4,Top,Outside,2.90050277,16.38760064,-0.58,2.465,-1.39833,5.24767,172,
306,306,sdo_A_data_0_o,sdo_A_data_0_o,Top,Inside,3.813362739,21.43635391,-0.62,2.369,-2.01366,5.91857,172,
307,307,VSS,VSS_T_3,Top,Outside,0.9915266008,19.44003483,-0.66,2.465,-0.99,3.4,173,
308,308,sdo_A_data_1_o,sdo_A_data_1_o,Top,Inside,3.851495061,24.21799817,-0.7,2.369,-2.27992,5.88153,173,
309,309,VDD,VDD_T_3,Top,Outside,2.11889114,22.20135819,-0.74,2.465,-1.54065,4.4268,174,
310,310,sdo_A_data_2_o,sdo_A_data_2_o,Top,Inside,3.894088649,26.96005707,-0.78,2.369,-2.54546,5.83989,174,
311,311,VSS,VZZ_T_3,Top,Outside,1.037653603,25.70074076,-0.82,2.465,-1.27,3.4,175,
312,312,sdo_A_data_3_o,sdo_A_data_3_o,Top,Inside,3.941026918,29.6600743,-0.86,2.369,-2.81023,5.79366,175,
313,313,V33,V33_T_3,Top,Outside,3.048787626,28.14335857,-0.9,2.465,-2.33805,5.15333,176,
314,314,sdo_A_data_4_o,sdo_A_data_4_o,Top,Inside,3.992177957,32.31545814,-0.94,2.369,-3.07414,5.74286,176,
315,315,VSS,VSS_T_2,Top,Outside,1.095045661,31.36755722,-0.98,2.465,-1.55,3.4,177,
316,316,sdo_A_data_5_o,sdo_A_data_5_o,Top,Inside,4.044416476,34.82306328,-1.02,2.369,-3.32954,5.68914,177,
317,317,VDD,VDD_T_2,Top,Outside,2.260591106,34.35395525,-1.06,2.465,-2.33566,4.33127,178,
318,318,sdo_A_data_6_o,sdo_A_data_6_o,Top,Inside,4.106448685,37.4824579,-1.1,2.369,-3.59885,5.62763,178,
319,319,VSS,VZZ_T_2,Top,Outside,1.186222998,37.9808907,-1.14,2.465,-1.87,3.4,179,
320,320,sdo_A_data_7_o,sdo_A_data_7_o,Top,Inside,4.169501012,39.99814179,-1.18,2.369,-3.86,5.56311,179,
321,321,V33,V33_T_2,Top,Outside,3.247839492,38.12682797,-1.22,2.465,-3.22523,5.0199,180,
322,322,sdo_A_data_8_o,sdo_A_data_8_o,Top,Inside,4.236100847,42.46096873,-1.26,2.369,-4.11974,5.49413,180,
323,323,VSS,VSS_T_1,Top,Outside,1.290862115,43.58751357,-1.3,2.465,-2.19,3.4,181,
324,324,sdo_A_sclk_ex_o,sdo_A_sclk_ex_o,Top,Inside,4.306205869,44.87392819,-1.34,2.369,-4.37824,5.42064,181,
325,325,VDD,VDD_T_1,Top,Outside,2.432447139,44.30960241,-1.38,2.465,-3.07915,4.2056,182,
326,326,sdo_A_tkn_ex_i,sdo_A_tkn_ex_i,Top,Inside,4.379692705,47.23714804,-1.42,2.369,-4.63544,5.34266,182,
327,327,VSS,VZZ_T_1,Top,Outside,1.376344797,47.20825477,-1.46,2.465,-2.47,3.4,183,
328,328,V33,V33_T_1,Top,Outside,3.434644264,45.58189477,-1.54,2.465,-3.9932,4.86887,184,
329,329,VSS,VSS_T_0,Top,Outside,1.413444375,48.58527427,-1.62,2.465,-2.68,3.4,185,
330,330,VDD,VDD_T_0,Top,Outside,2.455338216,47.79562873,-1.7,2.465,-3.5188,4.11444,186,
331,331,VSS,VZZ_T_0,Top,Outside,1.387389635,47.62908189,-1.825,2.465,-2.85,3.4,187,
332,332,V33,V33_T_0,Top,Outside,3.348875567,46.19220934,-1.95,2.465,-4.36677,4.78323,188,