Die#,Subs#,Net Name,Pad Name,Side,Layer,Length,Bond Angle,Die X,Die Y,Subs X,Subs Y,Color,Comments
1,1,sdi_A_data_7_i,sdi_A_data_7_i,Left,Inside,4.99968608531978,33.6431575511065,-1.3520205,1.27575,-5.51428,4.04567,0,
2,2,VSS,VSS_L_2,Left,Outside,2.09467221715481,20.5344723274052,-1.4384205,1.23525,-3.4,1.97,1,
3,3,sdi_A_data_6_i,sdi_A_data_6_i,Left,Inside,4.96218620360424,31.5551977845145,-1.3520205,1.19475,-5.58048,3.79156,1,
4,4,VDD,VDD_L_2,Left,Outside,3.15815377221412,24.5064792207394,-1.4384205,1.15425,-4.31207,2.46424,2,
5,5,sdi_A_data_5_i,sdi_A_data_5_i,Left,Inside,4.92706356092148,29.4517492997254,-1.3520205,1.11375,-5.64236,3.53634,2,
6,6,VSS,VSS_L_3,Left,Outside,2.05034258047777,16.9207639509293,-1.4384205,1.07325,-3.4,1.67,3,
7,7,sdi_A_data_4_i,sdi_A_data_4_i,Left,Inside,4.89435156527402,27.3333063207232,-1.3520205,1.03275,-5.69992,3.28007,3,
8,8,VDD,VDD_L_3,Left,Outside,3.12598630379921,20.5817483096553,-1.4384205,0.99225,-4.36488,2.09117,4,
9,9,sdi_A_data_3_i,sdi_A_data_3_i,Left,Inside,4.86405260598611,25.2007437101798,-1.3520205,0.95175,-5.75312,3.02282,4,
10,10,VSS,VSS_L_4,Left,Outside,2.02155155692855,13.9910155822024,-1.4384205,0.91125,-3.4,1.4,5,
11,11,misc_L_0_i,misc_L_0_i,Left,Inside,4.83621974246934,23.0549470461391,-1.3520205,0.87075,-5.80197,2.76468,5,
12,12,V33,V33_L_2,Left,Outside,4.0004283351774,21.6114628098068,-1.4384205,0.83025,-5.15763,2.30365,6,
13,13,sdi_A_token_o,sdi_A_token_o,Left,Inside,4.81086072683156,20.8965983567072,-1.3520205,0.78975,-5.84645,2.5057,6,
14,14,VSS,VZZ_L_2,Left,Outside,2.02203602770085,14.0460057313518,-1.4384205,0.74925,-3.4,1.24,7,
15,15,misc_L_1_i,misc_L_1_i,Left,Inside,4.78799349205701,18.7267482786931,-1.3520205,0.70875,-5.88654,2.24596,7,
16,16,VDD,VDD_L_4,Left,Outside,3.10767998871349,15.7400380641362,-1.4384205,0.66825,-4.42957,1.51128,8,
17,17,sdi_A_sclk_i,sdi_A_sclk_i,Left,Inside,4.76764856156368,16.5463134167749,-1.3520205,0.62775,-5.92224,1.98553,8,
18,18,VSS,VSS_L_5,Left,Outside,1.99483876474272,10.4772018101517,-1.4384205,0.58725,-3.4,0.95,9,
19,19,misc_L_2_i,misc_L_2_i,Left,Inside,4.74984522503421,14.3563100109209,-1.3520205,0.54675,-5.95354,1.72448,9,
20,20,VDD,VDD_L_5,Left,Outside,3.08796790587277,11.9363733981548,-1.4384205,0.50625,-4.45962,1.14492,10,
21,21,sdi_A_ncmd_i,sdi_A_ncmd_i,Left,Inside,4.7346005889188,12.1578022415396,-1.3520205,0.46575,-5.98043,1.46288,10,
22,22,VSS,VSS_L_6,Left,Outside,1.97678949241447,7.11214784968125,-1.4384205,0.42525,-3.4,0.67,11,
23,23,sdi_A_data_2_i,sdi_A_data_2_i,Left,Inside,4.72193929902855,9.95187529684695,-1.3520205,0.38475,-6.00291,1.2008,11,
24,24,VDD,VDD_L_6,Left,Outside,3.07115531066409,7.5855093328165,-1.4384205,0.34425,-4.4827,0.74966,12,
25,25,sdi_A_data_1_i,sdi_A_data_1_i,Left,Inside,4.71185140762846,7.73947631167142,-1.3520205,0.30375,-6.02095,0.93829,12,
26,26,VSS,VSS_L_7,Left,Outside,1.96634043271257,3.98787891174718,-1.4384205,0.26325,-3.4,0.4,13,
27,27,sdi_A_data_0_i,sdi_A_data_0_i,Left,Inside,4.70438169262978,5.52208556656037,-1.3520205,0.22275,-6.03457,0.67545,13,
28,28,V33,V33_L_3,Left,Outside,3.86636365728966,4.25846464240038,-1.4384205,0.18225,-5.29411,0.46935,14,
29,29,misc_L_3_o,misc_L_3_o,Left,Inside,4.69952485109615,3.30056694293137,-1.3520205,0.14175,-6.04375,0.41232,14,
30,30,VSS,VZZ_L_3,Left,Outside,1.96179017668054,0.839698684046384,-1.4384205,0.10125,-3.4,0.13,15,
31,31,clk_0_p_i,clk_0_p_i,Left,Inside,4.69729819122975,1.07625782295759,-1.3520205,0.06075,-6.04849,0.14898,15,
32,32,VDD,VDD_L_7,Left,Outside,3.06164646837617,0.378962106379291,-1.4384205,0.02025,-4.5,0,16,
33,33,clk_0_n_i,clk_0_n_i,Left,Inside,4.69770506346878,1.14960166537761,-1.3520205,-0.02025,-6.04878,-0.1145,16,
34,34,VSS,VSS_L_8,Left,Outside,1.96280149208224,2.02188369876816,-1.4384205,-0.06075,-3.4,-0.13,17,
35,35,misc_L_4_i,misc_L_4_i,Left,Inside,4.70074674829545,3.37589450691271,-1.3520205,-0.10125,-6.04461,-0.37806,17,
36,36,VDD,VDD_L_8,Left,Outside,3.06634844604136,4.43678355635241,-1.4384205,-0.14175,-4.49558,-0.37896,18,
37,37,sdi_B_data_0_io,sdi_B_data_0_io,Left,Inside,4.70644242090884,5.60136636018425,-1.3520205,-0.18225,-6.03599,-0.64163,18,
38,38,VSS,VSS_L_9,Left,Outside,1.97049656110338,5.45286282547905,-1.4384205,-0.22275,-3.4,-0.41,19,
39,39,sdi_B_data_1_io,sdi_B_data_1_io,Left,Inside,4.71477868787287,7.82479141631116,-1.3520205,-0.26325,-6.0229,-0.90514,19,
40,40,VDD,VDD_L_9,Left,Outside,3.0759134666356,8.17338505349073,-1.4384205,-0.30375,-4.48309,-0.74105,20,
41,41,sdi_B_data_2_io,sdi_B_data_2_io,Left,Inside,4.7257711491322,10.045042862321,-1.3520205,-0.34425,-6.00535,-1.16853,20,
42,42,VSS,VSS_L_10,Left,Outside,1.98221131500157,8.27387182609695,-1.4384205,-0.38475,-3.4,-0.67,21,
43,43,sdi_B_data_3_io,sdi_B_data_3_io,Left,Inside,4.7393983574184,12.2607071171012,-1.3520205,-0.42525,-5.98332,-1.43171,21,
44,44,VDD,VDD_L_10,Left,Outside,3.09431894819042,12.3884431863048,-1.4384205,-0.46575,-4.46069,-1.1296,22,
45,45,sdi_B_ncmd_i,sdi_B_ncmd_i,Left,Inside,4.75567297651975,14.4708149166527,-1.3520205,-0.50625,-5.95682,-1.69463,22,
46,46,VSS,VSS_L_11,Left,Outside,2.0025994849995,11.6166912378184,-1.4384205,-0.54675,-3.4,-0.95,23,
47,47,misc_L_5_i,misc_L_5_i,Left,Inside,4.77457052978488,16.6741543312813,-1.3520205,-0.58725,-5.92583,-1.95721,23,
48,48,V33,V33_L_4,Left,Outside,3.9537220247433,17.3291811615296,-1.4384205,-0.62775,-5.21268,-1.80541,24,
49,49,sdi_B_token_o,sdi_B_token_o,Left,Inside,4.79610795163644,18.8696610438784,-1.3520205,-0.66825,-5.89037,-2.21939,24,
50,50,VSS,VZZ_L_4,Left,Outside,2.00219771684023,11.5606306626022,-1.4384205,-0.70875,-3.4,-1.11,25,
51,51,misc_L_6_i,misc_L_6_i,Left,Inside,4.8202524011197,21.0561087173829,-1.3520205,-0.74925,-5.85042,-2.48108,25,
52,52,VDD,VDD_L_11,Left,Outside,3.10497289072711,16.6719395028668,-1.4384205,-0.78975,-4.41287,-1.68054,26,
53,53,sdi_B_sclk_i,sdi_B_sclk_i,Left,Inside,4.84699352890431,23.2324919955099,-1.3520205,-0.83025,-5.80598,-2.74221,26,
54,54,VSS,VSS_L_12,Left,Outside,2.02411578159952,14.2794184049213,-1.4384205,-0.87075,-3.4,-1.37,27,
55,55,misc_L_7_i,misc_L_7_i,Left,Inside,4.87634164700857,25.3978635439539,-1.3520205,-0.91125,-5.75707,-3.00272,27,
56,56,VDD,VDD_L_12,Left,Outside,3.13436594850542,20.8173032045324,-1.4384205,-0.95175,-4.36817,-2.06567,28,
57,57,sdi_B_data_4_io,sdi_B_data_4_io,Left,Inside,4.90825623248728,27.5511988682191,-1.3520205,-0.99225,-5.70367,-3.26252,28,
58,58,VSS,VSS_L_13,Left,Outside,2.06249404782662,17.9972043382395,-1.4384205,-1.03275,-3.4,-1.67,29,
59,59,sdi_B_data_5_io,sdi_B_data_5_io,Left,Inside,4.94273005971702,29.6916136034736,-1.3520205,-1.07325,-5.64579,-3.52154,29,
60,60,VDD,VDD_L_13,Left,Outside,3.17494381418479,25.1578183522488,-1.4384205,-1.11375,-4.31219,-2.46346,30,
61,61,sdi_B_data_6_io,sdi_B_data_6_io,Left,Inside,4.97975413013336,31.8182738960279,-1.3520205,-1.15425,-5.58344,-3.77971,30,
62,62,VSS,VSS_L_14,Left,Outside,2.11665223816296,22.0682775467748,-1.4384205,-1.19475,-3.4,-1.99,31,
63,63,sdi_B_data_7_io,sdi_B_data_7_io,Left,Inside,5.01929834254752,33.9302741758169,-1.3520205,-1.23525,-5.51662,-4.03694,31,
64,64,VDD,VDD_L_14,Left,Outside,3.28263025279124,32.2091631841356,-1.4384205,-1.27575,-4.21588,-3.02543,32,
65,65,sdo_C_data_8_o,sdo_C_data_8_o,Bottom,Inside,5.08044677075848,36.3625555660226,-1.28925,-1.3520205,-4.30141,-5.44321,32,
66,66,V33,V33_B_2,Bottom,Outside,4.16757674070439,31.8118300994458,-1.24875,-1.4384205,-3.44561,-4.97996,33,
67,67,sdo_C_data_7_o,sdo_C_data_7_o,Bottom,Inside,5.03704545548879,34.2627438027797,-1.20825,-1.3520205,-4.04405,-5.51496,33,
68,68,VSS,VZZ_B_2,Bottom,Outside,2.10087462674959,20.9814180562696,-1.16775,-1.4384205,-1.92,-3.4,34,
69,69,sdo_C_data_6_o,sdo_C_data_6_o,Bottom,Inside,4.99608752791424,32.1447692948947,-1.12725,-1.3520205,-3.78547,-5.58224,34,
70,70,VDD,VDD_B_2,Bottom,Outside,3.17840546363585,25.1099981213747,-1.08675,-1.4384205,-2.43553,-4.31645,35,
71,71,sdo_C_data_5_o,sdo_C_data_5_o,Bottom,Inside,4.9576276713737,30.0092907373308,-1.04625,-1.3520205,-3.52576,-5.64505,35,
72,72,VSS,VSS_B_2,Bottom,Outside,2.05550412242843,17.3874519298513,-1.00575,-1.4384205,-1.62,-3.4,36,
73,73,sdo_C_data_4_o,sdo_C_data_4_o,Bottom,Inside,4.92169610334184,27.8570877255902,-0.96525,-1.3520205,-3.265,-5.70337,36,
74,74,V33,V33_B_3,Bottom,Outside,4.01310574595665,22.9639384954711,-0.92475,-1.4384205,-2.49047,-5.13349,37,
75,75,sdo_C_data_3_o,sdo_C_data_3_o,Bottom,Inside,4.88832504073023,25.6888586121194,-0.88425,-1.3520205,-3.00326,-5.75719,37,
76,76,VSS,VZZ_B_3,Bottom,Outside,2.01856587638854,13.6467342904024,-0.84375,-1.4384205,-1.32,-3.4,38,
77,77,sdo_C_data_2_o,sdo_C_data_2_o,Bottom,Inside,4.85753146711787,23.5055803088198,-0.80325,-1.3520205,-2.74062,-5.80648,38,
78,78,VDD,VDD_B_3,Bottom,Outside,3.10674754402096,16.5707192610904,-0.76275,-1.4384205,-1.64879,-4.41614,39,
79,79,sdo_C_data_1_o,sdo_C_data_1_o,Bottom,Inside,4.82936592129549,21.3081102579629,-0.72225,-1.3520205,-2.47716,-5.85125,39,
80,80,VSS,VSS_B_3,Bottom,Outside,1.99963301566069,11.1956939338161,-0.68175,-1.4384205,-1.07,-3.4,40,
81,81,sdo_C_data_0_o,sdo_C_data_0_o,Bottom,Inside,4.80197956973687,18.9828182354713,-0.64125,-1.3520205,-2.20326,-5.89285,40,
82,82,V33,V33_B_4,Bottom,Outside,3.91593712621644,14.1980636343617,-0.60075,-1.4384205,-1.56123,-5.23474,41,
83,83,sdo_C_ncmd_o,sdo_C_ncmd_o,Bottom,Inside,4.77926753234324,16.7541682276796,-0.56025,-1.3520205,-1.93795,-5.92841,41,
84,84,VSS,VZZ_B_4,Bottom,Outside,1.97876835362815,7.55750582918928,-0.51975,-1.4384205,-0.78,-3.4,42,
85,85,sdo_C_token_i,sdo_C_token_i,Bottom,Inside,4.75929455843198,14.5153924319483,-0.47925,-1.3520205,-1.67212,-5.9594,42,
86,86,VDD,VDD_B_4,Bottom,Outside,3.09327869073258,12.0199067079803,-0.43875,-1.4384205,-1.08293,-4.46388,43,
87,87,JTAG_TMS_i,JTAG_TMS_i,Bottom,Inside,4.74205966970263,12.2675675527268,-0.39825,-1.3520205,-1.40583,-5.9858,43,
88,88,VSS,VSS_B_4,Bottom,Outside,1.97903238915391,7.61490567909736,-0.35775,-1.4384205,-0.62,-3.4,44,
89,89,sdo_C_sclk_o,sdo_C_sclk_o,Bottom,Inside,4.72759375925007,10.0119615358344,-0.31725,-1.3520205,-1.13916,-6.00762,44,
90,90,VDD,VDD_B_5,Bottom,Outside,3.08006532404919,8.70445614747406,-0.27675,-1.4384205,-0.74288,-4.48301,45,
91,91,JTAG_TDI_i,JTAG_TDI_i,Bottom,Inside,4.71591440511384,7.74993324105811,-0.23625,-1.3520205,-0.87219,-6.02486,45,
92,92,VSS,VSS_B_5,Bottom,Outside,1.96616815082542,3.91520319804735,-0.19575,-1.4384205,-0.33,-3.4,46,
93,93,PLL_VDD_i,PLL_VDD_i,Bottom,Inside,3.16009350480334,6.38372141270054,-0.14175,-1.3520205,-0.49311,-4.49252,46,
94,94,V33,V33_B_5,Bottom,Outside,,,,,-0.51145,-5.29301,47,No bond pad - leave disconnected
95,95,PLL_VSS_i,PLL_VSS_i,Bottom,Inside,3.15168210419773,3.41684875186465,-0.06075,-1.3520205,-0.24859,-4.4981,47,
96,96,VSS,VZZ_B_5,Bottom,Outside,,,,,-0.09,-3.4,48,No bond pad - leave disconnected
97,97,PLL_CLK_i,PLL_CLK_i,Bottom,Inside,4.70142385412763,2.79288079565979,0.02025,-1.3520205,-0.20883,-6.04786,48,
98,98,VDD,VDD_B_6,Bottom,Outside,,,,,1.01E-02,-4.5,49,No bond pad - leave disconnected
99,99,PLL_V33_i,PLL_V33_i,Bottom,Inside,3.14961148987621,2.72901108675565,0.10125,-1.3520205,0.25121,-4.49806,49,
100,100,VSS,VSS_B_6,Bottom,Outside,,,,,0.23201,-3.4,50,No bond pad - leave disconnected
101,101,PLL_VZZ_i,PLL_VZZ_i,Bottom,Inside,3.15515301933048,5.46537471448974,0.18225,-1.3520205,0.48276,-4.49283,50,
102,102,VDD,VDD_B_7,Bottom,Outside,3.08422924994888,9.09424796532692,0.23625,-1.4384205,0.72374,-4.48388,51,
103,103,JTAG_TCK_i,JTAG_TCK_i,Bottom,Inside,4.7371221618732,10.7433872218644,0.27675,-1.3520205,1.1598,-6.00611,51,
104,104,VSS,VSS_B_7,Bottom,Outside,1.98635512870188,9.05886879634545,0.31725,-1.4384205,0.63,-3.4,52,
105,105,sdo_D_sclk_o,sdo_D_sclk_o,Bottom,Inside,4.75360669077494,12.9920976070744,0.35775,-1.3520205,1.42644,-5.98394,52,
106,106,V33,V33_B_6,Bottom,Outside,3.92691159504136,13.7711582594813,0.39825,-1.4384205,1.33303,-5.25245,53,
107,107,JTAG_TRST_i,JTAG_TRST_i,Bottom,Inside,4.77282773866188,15.2319255318682,0.43875,-1.3520205,1.6927,-5.95718,53,
108,108,VSS,VZZ_B_6,Bottom,Outside,2.0020975743755,11.5466120074051,0.47925,-1.4384205,0.88,-3.4,54,
109,109,sdo_D_token_i,sdo_D_token_i,Bottom,Inside,4.79477073290061,17.4615964067611,0.51975,-1.3520205,1.9585,-5.92584,54,
110,110,VDD,VDD_B_8,Bottom,Outside,3.09702360061564,13.572960486884,0.56025,-1.4384205,1.28707,-4.44895,55,
111,111,sdo_D_ncmd_o,sdo_D_ncmd_o,Bottom,Inside,4.81941740154246,19.679888572764,0.60075,-1.3520205,2.22376,-5.88993,55,
112,112,VSS,VSS_B_8,Bottom,Outside,2.00577807778434,12.0503892299304,0.64125,-1.4384205,1.06,-3.4,56,
113,113,sdo_D_data_0_o,sdo_D_data_0_o,Bottom,Inside,4.84673484398314,21.8859489184428,0.68175,-1.3520205,2.48842,-5.84944,56,
114,114,V33,V33_B_7,Bottom,Outside,3.97599514716005,19.4342099898377,0.72225,-1.4384205,2.04516,-5.18788,57,
115,115,sdo_D_data_1_o,sdo_D_data_1_o,Bottom,Inside,4.87669687871209,24.078586329651,0.76275,-1.3520205,2.75239,-5.80438,57,
116,116,VSS,VZZ_B_7,Bottom,Outside,2.03107353321347,15.0312363805209,0.80325,-1.4384205,1.33,-3.4,58,
117,117,sdo_D_data_2_o,sdo_D_data_2_o,Bottom,Inside,4.90929074126296,26.2568479396601,0.84375,-1.3520205,3.0156,-5.75477,58,
118,118,VDD,VDD_B_9,Bottom,Outside,3.15789141291943,21.885238513735,0.88425,-1.4384205,2.06135,-4.36873,59,
119,119,sdo_D_data_3_o,sdo_D_data_3_o,Bottom,Inside,4.94447045053565,28.4198955196193,0.92475,-1.3520205,3.27797,-5.7006,59,
120,120,VSS,VSS_B_9,Bottom,Outside,2.06796801167722,18.4583464282063,0.96525,-1.4384205,1.62,-3.4,60,
121,121,sdo_D_data_4_o,sdo_D_data_4_o,Bottom,Inside,4.98220968272415,30.5667233897624,1.00575,-1.3520205,3.53941,-5.64189,60,
122,122,V33,V33_B_8,Bottom,Outside,4.10161458509576,27.8921326765169,1.04625,-1.4384205,2.96502,-5.06355,61,
123,123,sdo_D_data_5_o,sdo_D_data_5_o,Bottom,Inside,5.02247730406821,32.6968177099936,1.08675,-1.3520205,3.79986,-5.57864,61,
124,124,VSS,VZZ_B_8,Bottom,Outside,2.11948146897307,22.2561709161496,1.12725,-1.4384205,1.93,-3.4,62,
125,125,sdo_D_data_6_o,sdo_D_data_6_o,Bottom,Inside,5.06525112221894,34.8092638382312,1.16775,-1.3520205,4.05923,-5.51088,62,
126,126,VDD,VDD_B_10,Bottom,Outside,3.25151685555069,30.1696699791603,1.20825,-1.4384205,2.84234,-4.24949,63,
127,127,sdo_D_data_7_o,sdo_D_data_7_o,Bottom,Inside,5.1104864795448,36.9035128302804,1.24875,-1.3520205,4.31744,-5.43861,63,
128,128,VSS,VSS_B_10,Bottom,Outside,2.18422404924958,26.0948674274325,1.28925,-1.4384205,2.25,-3.4,64,
129,129,VDD,VDD_R_14,Right,Outside,3.32778329235698,34.1244330079466,1.4384205,-1.27575,4.19323,-3.14261,65,
130,130,sdi_D_data_7_io,sdi_D_data_7_io,Right,Inside,5.08197693474894,35.9275517775414,1.3520205,-1.23525,5.4672,-4.21716,65,
131,131,VSS,VSS_R_14,Right,Outside,2.13200297779348,23.0645384912553,1.4384205,-1.19475,3.4,-2.03,66,
132,132,sdi_D_data_6_io,sdi_D_data_6_io,Right,Inside,5.03539984547506,33.7273097694498,1.3520205,-1.15425,5.53991,-3.95011,66,
133,133,VDD,VDD_R_13,Right,Outside,3.20087452606163,26.6784881002153,1.4384205,-1.11375,4.29853,-2.55089,67,
134,134,sdi_D_data_5_io,sdi_D_data_5_io,Right,Inside,4.99169580570774,31.5074865842968,1.3520205,-1.07325,5.6078,-3.68196,67,
135,135,VSS,VSS_R_13,Right,Outside,2.07848663631024,19.3081856657974,1.4384205,-1.03275,3.4,-1.72,68,
136,136,sdi_D_data_4_io,sdi_D_data_4_io,Right,Inside,4.95088030204531,29.2690319991328,1.3520205,-0.99225,5.67084,-3.41279,68,
137,137,VDD,VDD_R_12,Right,Outside,3.15400820977217,22.243898977159,1.4384205,-0.95175,4.35771,-2.1457,69,
138,138,misc_R_7_i,misc_R_7_i,Right,Inside,4.91300561540288,27.0128554202232,1.3520205,-0.91125,5.72904,-3.14269,69,
139,139,VSS,VSS_R_12,Right,Outside,2.03702471691441,15.6424560987552,1.4384205,-0.87075,3.4,-1.42,70,
140,140,sdi_D_sclk_io,sdi_D_sclk_io,Right,Inside,4.87809047879806,24.7400405204739,1.3520205,-0.83025,5.78238,-2.87174,70,
141,141,VDD,VDD_R_11,Right,Outside,3.12025970182135,18.080274182535,1.4384205,-0.78975,4.40461,-1.75812,71,
142,142,misc_R_6_i,misc_R_6_i,Right,Inside,4.84617812678715,22.4516092170229,1.3520205,-0.74925,5.83087,-2.60002,71,
143,143,VSS,VZZ_R_4,Right,Outside,2.00842492947091,12.3991300282735,1.4384205,-0.70875,3.4,-1.14,72,
144,144,sdi_D_token_o,sdi_D_token_o,Right,Inside,4.81730173437582,20.1491174711078,1.3520205,-0.66825,5.8745,-2.32764,72,
145,145,V33,V33_R_4,Right,Outside,3.97098662999137,18.4795745503959,1.4384205,-0.62775,5.20465,-1.88642,73,
146,146,misc_R_5_i,misc_R_5_i,Right,Inside,4.79148088896849,17.8336210972213,1.3520205,-0.58725,5.91327,-2.05466,73,
147,147,VSS,VSS_R_11,Right,Outside,2.00885532015629,12.4548427464369,1.4384205,-0.54675,3.4,-0.98,74,
148,148,sdi_D_ncmd_o,sdi_D_ncmd_o,Right,Inside,4.76873357756022,15.5066255738655,1.3520205,-0.50625,5.94717,-1.78117,74,
149,149,VDD,VDD_R_10,Right,Outside,3.10145034325076,13.2449965693,1.4384205,-0.46575,4.45737,-1.17634,75,
150,150,sdi_D_data_3_io,sdi_D_data_3_io,Right,Inside,4.74909938996861,13.1695055465036,1.3520205,-0.42525,5.97622,-1.50725,75,
151,151,VSS,VSS_R_10,Right,Outside,1.98518807605734,8.84510593040598,1.4384205,-0.38475,3.4,-0.69,76,
152,152,sdi_D_data_2_io,sdi_D_data_2_io,Right,Inside,4.7325776024932,10.8239531761802,1.3520205,-0.34425,6.0004,-1.23299,76,
153,153,VDD,VDD_R_9,Right,Outside,3.07969741381524,8.8611878698161,1.4384205,-0.30375,4.48136,-0.77815,77,
154,154,sdi_D_data_1_io,sdi_D_data_1_io,Right,Inside,4.71920632847095,8.47123750743454,1.3520205,-0.26325,6.01974,-0.95845,77,
155,155,VSS,VSS_R_9,Right,Outside,1.96869670018524,4.87341885154623,1.4384205,-0.22275,3.4,-0.39,78,
156,156,sdi_D_data_0_io,sdi_D_data_0_io,Right,Inside,4.70896811459902,6.11328766377779,1.3520205,-0.18225,6.03421,-0.68373,78,
157,157,VDD,VDD_R_8,Right,Outside,3.06692536048569,4.63178533083351,1.4384205,-0.14175,4.49533,-0.38941,79,
158,158,misc_R_4_i,misc_R_4_i,Right,Inside,4.70189457454974,3.75148229116177,1.3520205,-0.10125,6.04384,-0.40889,79,
159,159,VSS,VSS_R_8,Right,Outside,1.96317974147052,2.31355518797462,1.4384205,-0.06075,3.4,-0.14,80,
160,160,clk_1_n_o,clk_1_n_o,Right,Inside,4.69797727498764,1.38765638035831,1.3520205,-0.02025,6.04862,-0.13402,80,
161,161,VDD,VDD_R_7,Right,Outside,3.06164646837617,0.378962106379291,1.4384205,0.02025,4.5,0,81,
162,162,clk_1_p_o,clk_1_p_o,Right,Inside,4.69722182557523,0.976603277591877,1.3520205,0.06075,6.04856,0.14081,81,
163,163,VSS,VZZ_R_3,Right,Outside,1.96179017668054,0.839698684046384,1.4384205,0.10125,3.4,0.13,82,
164,164,misc_R_3_o,misc_R_3_o,Right,Inside,4.69963030926372,3.3395713473904,1.3520205,0.14175,6.04367,0.41552,82,
165,165,V33,V33_R_3,Right,Outside,3.8669764614761,4.43654764670613,1.4384205,0.18225,5.29381,0.48138,83,
166,166,sdi_C_data_0_i,sdi_C_data_0_i,Right,Inside,4.70518020939478,5.69954327906144,1.3520205,0.22275,6.03394,0.69003,83,
167,167,VSS,VSS_R_7,Right,Outside,1.96783248710866,4.56880268240439,1.4384205,0.26325,3.4,0.42,84,
168,168,sdi_C_data_1_i,sdi_C_data_1_i,Right,Inside,4.71386726405615,8.05507153664361,1.3520205,0.30375,6.01938,0.96428,84,
169,169,VDD,VDD_R_6,Right,Outside,3.07548626970765,8.45769852247857,1.4384205,0.34425,4.48046,0.79659,85,
170,170,sdi_C_data_2_i,sdi_C_data_2_i,Right,Inside,4.72568050097764,10.4043661445166,1.3520205,0.38475,6,1.23818,85,
171,171,VSS,VSS_R_6,Right,Outside,1.97936522585405,7.68663386225842,1.4384205,0.42525,3.4,0.69,86,
172,172,sdi_C_ncmd_o,sdi_C_ncmd_o,Right,Inside,4.74058553336297,12.7458479497767,1.3520205,0.46575,5.97579,1.51165,86,
173,173,VDD,VDD_R_5,Right,Outside,3.08806384296864,11.9492722110347,1.4384205,0.50625,4.45957,1.14562,87,
174,174,misc_R_2_i,misc_R_2_i,Right,Inside,4.75858560916374,15.0780145132482,1.3520205,0.54675,5.94678,1.78462,87,
175,175,VSS,VSS_R_5,Right,Outside,1.98045113479739,7.91600017140064,1.4384205,0.58725,3.4,0.86,88,
176,176,sdi_C_sclk_io,sdi_C_sclk_io,Right,Inside,4.77963944981839,17.3994074644815,1.3520205,0.62775,5.91296,2.05701,88,
177,177,VDD,VDD_R_4,Right,Outside,3.08818831098919,13.5944047705102,1.4384205,0.66825,4.44009,1.39412,89,
178,178,misc_R_1_i,misc_R_1_i,Right,Inside,4.80371219099253,19.7086327909448,1.3520205,0.70875,5.87433,2.32874,89,
179,179,VSS,VZZ_R_2,Right,Outside,1.99630901849394,10.7029810932554,1.4384205,0.74925,3.4,1.12,90,
180,180,sdi_C_token_o,sdi_C_token_o,Right,Inside,4.83079375791394,22.004257327454,1.3520205,0.78975,5.83092,2.59973,90,
181,181,V33,V33_R_2,Right,Outside,3.95611408889838,18.9536750805114,1.4384205,0.83025,5.18004,2.11521,91,
182,182,misc_R_0_i,misc_R_0_i,Right,Inside,4.8608381389417,24.2849379146867,1.3520205,0.87075,5.78273,2.86989,91,
183,183,VSS,VSS_R_4,Right,Outside,2.0239925141463,14.2657015576788,1.4384205,0.91125,3.4,1.41,92,
184,184,sdi_C_data_3_i,sdi_C_data_3_i,Right,Inside,4.89380443927424,26.5496602603158,1.3520205,0.95175,5.72976,3.13915,92,
185,185,VDD,VDD_R_3,Right,Outside,3.13276097265978,21.1020789591535,1.4384205,0.99225,4.3611,2.12014,93,
186,186,sdi_C_data_4_i,sdi_C_data_4_i,Right,Inside,4.92967276629801,28.7972417241929,1.3520205,1.03275,5.67204,3.40743,93,
187,187,VSS,VSS_R_3,Right,Outside,2.06233961735701,17.983993034842,1.4384205,1.07325,3.4,1.71,94,
188,188,sdi_C_data_5_i,sdi_C_data_5_i,Right,Inside,4.96838860567994,31.0266514144243,1.3520205,1.11375,5.60957,3.67464,94,
189,189,VDD,VDD_R_2,Right,Outside,3.18138612621452,25.9375416167689,1.4384205,1.15425,4.29935,2.54576,95,
190,190,sdi_C_data_6_i,sdi_C_data_6_i,Right,Inside,5.0076373504718,33.159288450176,1.3520205,1.19475,5.54418,3.93377,95,
191,191,VSS,VSS_R_2,Right,Outside,2.11272967918763,21.8043857210893,1.4384205,1.23525,3.4,2.02,96,
192,192,sdi_C_data_7_i,sdi_C_data_7_i,Right,Inside,5.05163303671201,35.3456698535567,1.3520205,1.27575,5.47252,4.19816,96,
193,193,VSS,VSS_T_10,Top,Outside,2.15580082505788,24.5074178551116,1.27575,1.4384205,2.17,3.4,97,
194,194,sdo_B_data_7_o,sdo_B_data_7_o,Top,Inside,5.05434657285986,35.0702737595419,1.23525,1.3520205,4.13938,5.48874,97,
195,195,VDD,VDD_T_10,Top,Outside,3.22056750278584,28.495910896115,1.19475,1.4384205,2.73127,4.26882,98,
196,196,sdo_B_data_6_o,sdo_B_data_6_o,Top,Inside,5.01098002199572,32.9117625204094,1.15425,1.3520205,3.87695,5.55878,98,
197,197,VSS,VZZ_T_8,Top,Outside,2.10231020482712,21.083204943192,1.11375,1.4384205,1.87,3.4,99,
198,198,sdo_B_data_5_o,sdo_B_data_5_o,Top,Inside,4.97031811232141,30.7363288426707,1.07325,1.3520205,3.61352,5.62415,99,
199,199,V33,V33_T_8,Top,Outside,4.0590009126767,25.9618600806822,1.03275,1.4384205,2.80967,5.08781,100,
200,200,sdo_B_data_4_o,sdo_B_data_4_o,Top,Inside,4.93238646338365,28.5446677928507,0.99225,1.3520205,3.34916,5.68485,100,
201,201,VSS,VSS_T_9,Top,Outside,2.05077965596508,16.9608574915022,0.95175,1.4384205,1.55,3.4,101,
202,202,sdo_B_data_3_o,sdo_B_data_3_o,Top,Inside,4.89723265594256,26.3378174136284,0.91125,1.3520205,3.08397,5.74089,101,
203,203,VDD,VDD_T_9,Top,Outside,3.1313034345477,19.7834469284206,0.87075,1.4384205,1.93059,4.38491,102,
204,204,sdo_B_data_2_o,sdo_B_data_2_o,Top,Inside,4.86484727671694,24.1167051180843,0.83025,1.3520205,2.81801,5.79224,102,
205,205,VSS,VZZ_T_7,Top,Outside,2.02436266447498,14.3068470840005,0.78975,1.4384205,1.29,3.4,103,
206,206,sdo_B_data_1_o,sdo_B_data_1_o,Top,Inside,4.83527144244356,21.8825406743912,0.74925,1.3520205,2.55138,5.83891,103,
207,207,V33,V33_T_7,Top,Outside,3.94054978538405,16.9679935266375,0.70875,1.4384205,1.85875,5.20743,104,
208,208,sdo_B_data_0_o,sdo_B_data_0_o,Top,Inside,4.80851848469154,19.6362406786835,0.66825,1.3520205,2.28414,5.8809,104,
209,209,VSS,VSS_T_8,Top,Outside,1.99658813913142,10.745277511266,0.62775,1.4384205,1,3.4,105,
210,210,sdo_B_ncmd_o,sdo_B_ncmd_o,Top,Inside,4.78462019712122,17.37908645306,0.58725,1.3520205,2.01638,5.91822,105,
211,211,VDD,VDD_T_8,Top,Outside,3.11153435856014,15.0292769498004,0.54675,1.4384205,1.35361,4.44352,106,
212,212,sdo_B_token_i,sdo_B_token_i,Top,Inside,4.76358455489039,15.1092782601222,0.50625,1.3520205,1.74793,5.95093,106,
213,213,VSS,VZZ_T_6,Top,Outside,1.99511207638074,10.5195607174796,0.46575,1.4384205,0.83,3.4,107,
214,214,JTAG_TDO_o,JTAG_TDO_o,Top,Inside,4.7454216986618,12.8340387175925,0.42525,1.3520205,1.47934,5.97889,107,
215,215,V33,V33_T_6,Top,Outside,3.90485213180861,11.6136378969725,0.38475,1.4384205,1.17084,5.26333,108,
216,216,sdo_B_sclk_o,sdo_B_sclk_o,Top,Inside,4.73012682805231,10.5517802612641,0.34425,1.3520205,1.21045,6.00216,108,
217,217,VSS,VSS_T_7,Top,Outside,1.97575509548128,6.86754852318996,0.30375,1.4384205,0.54,3.4,109,
218,218,SMA_in_n_i,SMA_in_n_i,Top,Inside,4.71773403024696,8.26374429584214,0.26325,1.3520205,0.94133,6.02077,109,
219,219,VDD,VDD_T_7,Top,Outside,3.07215615179474,6.69773304211924,0.22275,1.4384205,0.58106,4.48961,110,
220,220,SMA_in_p_i,SMA_in_p_i,Top,Inside,4.70824581423913,5.97129813333806,0.18225,1.3520205,0.67205,6.03472,110,
221,221,VSS,VSS_T_6,Top,Outside,1.96576758476689,3.74073043375984,0.14175,1.4384205,0.27,3.4,111,
222,222,misc_T_2_i,misc_T_2_i,Top,Inside,4.70165329760928,3.67608310558346,0.10125,1.3520205,0.4027,6.044,111,
223,223,VDD,VDD_T_6,Top,Outside,3.06353323431626,2.61645615287821,0.06075,1.4384205,0.2006,4.49876,112,
224,224,reset_i,reset_i,Top,Inside,4.6979708538464,1.37936267643794,0.02025,1.3520205,0.13334,6.04863,112,
225,225,VSS,VZZ_T_5,Top,Outside,1.96168402076386,0.591461279999067,-0.02025,1.4384205,0,3.4,113,
226,226,SMA_out_n_o,SMA_out_n_o,Top,Inside,4.69719181851351,0.917563711456677,-0.06075,1.3520205,-0.13597,6.04861,113,
227,227,V33,V33_T_5,Top,Outside,3.86253167682289,2.05832705997357,-0.10125,1.4384205,-0.23998,5.29846,114,
228,228,SMA_out_p_o,SMA_out_p_o,Top,Inside,4.69930663891816,3.21303738474552,-0.14175,1.3520205,-0.40514,6.04394,114,
229,229,VSS,VSS_T_5,Top,Outside,1.96354123901696,2.56138225420968,-0.18225,1.4384205,-0.27,3.4,115,
230,230,misc_T_1_i,misc_T_1_i,Top,Inside,4.70431265745489,5.50577056831342,-0.22275,1.3520205,-0.67411,6.03463,115,
231,231,VDD,VDD_T_5,Top,Outside,3.06669228095521,5.66220291456268,-0.26325,1.4384205,-0.56582,4.49015,116,
232,232,sdo_A_sclk_o,sdo_A_sclk_o,Top,Inside,4.71219337776372,7.79425619896618,-0.30375,1.3520205,-0.9428,6.02068,116,
233,233,VSS,VSS_T_4,Top,Outside,1.971322448845,5.69879506071058,-0.34425,1.4384205,-0.54,3.4,117,
234,234,misc_T_0_i,misc_T_0_i,Top,Inside,4.72295308531752,10.0773422998226,-0.38475,1.3520205,-1.21116,6.00211,117,
235,235,VDD,VDD_T_4,Top,Outside,3.0799842638251,10.0003087570948,-0.42525,1.4384205,-0.9601,4.47161,118,
236,236,sdo_A_token_i,sdo_A_token_i,Top,Inside,4.73655617519842,12.353361384017,-0.46575,1.3520205,-1.47909,5.97891,118,
237,237,VSS,VZZ_T_4,Top,Outside,1.98811674640104,9.3719266570119,-0.50625,1.4384205,-0.83,3.4,119,
238,238,sdo_A_ncmd_o,sdo_A_ncmd_o,Top,Inside,4.75297553349586,14.6242987441944,-0.54675,1.3520205,-1.74678,5.95101,119,
239,239,V33,V33_T_4,Top,Outside,3.89464151362487,12.0201318937504,-0.58725,1.4384205,-1.39833,5.24767,120,
240,240,sdo_A_data_0_o,sdo_A_data_0_o,Top,Inside,4.77222389081341,16.8826098590939,-0.62775,1.3520205,-2.01366,5.91857,120,
241,241,VSS,VSS_T_3,Top,Outside,1.98779204076288,9.31504846503682,-0.66825,1.4384205,-0.99,3.4,121,
242,242,sdo_A_data_1_o,sdo_A_data_1_o,Top,Inside,4.79427069318059,19.1303409130175,-0.70875,1.3520205,-2.27992,5.88153,121,
243,243,VDD,VDD_T_3,Top,Outside,3.09139547713007,14.8329007967638,-0.74925,1.4384205,-1.54065,4.4268,122,
244,244,sdo_A_data_2_o,sdo_A_data_2_o,Top,Inside,4.81907566376896,21.3660512631647,-0.78975,1.3520205,-2.54546,5.83989,122,
245,245,VSS,VZZ_T_3,Top,Outside,2.01026719550418,12.6357434181777,-0.83025,1.4384205,-1.27,3.4,123,
246,246,sdo_A_data_3_o,sdo_A_data_3_o,Top,Inside,4.84662192855604,23.5889006324403,-0.87075,1.3520205,-2.81023,5.79366,123,
247,247,V33,V33_T_3,Top,Outside,3.9794862524188,21.0104823385803,-0.91125,1.4384205,-2.33805,5.15333,124,
248,248,sdo_A_data_4_o,sdo_A_data_4_o,Top,Inside,4.87688536125879,25.7976227564885,-0.95175,1.3520205,-3.07414,5.74286,124,
249,249,VSS,VSS_T_2,Top,Outside,2.03933302756569,15.8724223929579,-0.99225,1.4384205,-1.55,3.4,125,
250,250,sdo_A_data_5_o,sdo_A_data_5_o,Top,Inside,4.90773367873403,27.9041624522121,-1.03275,1.3520205,-3.32954,5.68914,125,
251,251,VDD,VDD_T_2,Top,Outside,3.15630436392789,23.575965226675,-1.07325,1.4384205,-2.33566,4.33127,126,
252,252,sdo_A_data_6_o,sdo_A_data_6_o,Top,Inside,4.94535727794163,30.1663137629713,-1.11375,1.3520205,-3.59885,5.62763,126,
253,253,VSS,VZZ_T_2,Top,Outside,2.08808337891959,20.0462434148826,-1.15425,1.4384205,-1.87,3.4,127,
254,254,sdo_A_data_7_o,sdo_A_data_7_o,Top,Inside,4.98365652302707,32.3302195513952,-1.19475,1.3520205,-3.86,5.56311,127,
255,255,V33,V33_T_2,Top,Outside,4.09719609114822,29.0578944842238,-1.23525,1.4384205,-3.22523,5.0199,128,
256,256,sdo_A_data_8_o,sdo_A_data_8_o,Top,Inside,5.02447511985981,34.4736581138014,-1.27575,1.3520205,-4.11974,5.49413,128,
